ticker,num.shares
AMZN,26.0
ADBE,163.0
GOOGL,45.0
CSCO,1287.0
CIT,2812.0
DAL,1692.0
EA,524.0
GS,315.0
IBM,462.0
LYFT,1811.0
EXPE,832.0
MS,1470.0
MSFT,334.0
NKE,600.0
T,1675.0
TWTR,1977.0
UBER,1832.0
VMW,432.0
AAPL,370.0
ALK,3183.0
CASHX,8125.469819091835